code,name,kessan_date,market,sector
,5423,,,
,2148,,,
,2148,,,
,3174,,,
,9799,,,
,3967,,,
,6420,,,
,9950,,,
,2551,,,
,6632,,,
,6632,,,
,4206,,,
,4206,,,
,2480,,,
,5906,,,
,2413,,,
,5367,,,
,7740,,,
,7740,,,
,4107,,,
,7446,,,
,6724,,,
,3177,,,
,6099,,,
,6724,,,
,7693,,,
,9682,,,
,9619,,,
,9619,,,
,5367,,,
,299A,,,
,8136,,,
,4565,,,
,5933,,,
,6099,,,
,8185,,,
,5933,,,
,6141,,,
,8165,,,
,4308,,,
,5857,,,
,299A,,,
,2413,,,
,6467,,,
,3191,,,
,3191,,,
,8860,,,
,8860,,,
,5832,,,
,8058,,,
,4772,,,
,4772,,,
,8053,,,
,8053,,,
,8001,,,
,9021,,,
,2768,,,
,2768,,,
,8031,,,
,2296,,,
,2296,,,
,494A,,,
,495A,,,
,496A,,,
,8002,,,
,493A,,,
,5386,,,
,7774,,,
,7774,,,
,8473,,,
,8303,,,
,273A,,,
,470A,,,
,3093,,,
,565A,,,
,9501,,,
,9501,,,
,509A,,,
,278A,,,
,278A,,,
,9064,,,
,5905,,,
,8604,,,
,6391,,,
,9307,,,
,6185,,,
,6185,,,
,1939,,,
,9503,,,
,6111,,,
,6111,,,
,8898,,,
,8035,,,
,3657,,,
,3760,,,
,4762,,,
,6932,,,
,5208,,,
,2428,,,
,372A,,,
